{"cameraMode":{"drawMode":0,"name":"Shaded","section":"Shading Mode"},"sceneLighting":true,"audioPlay":false,"sceneViewState":{"showFog":true,"showMaterialUpdate":false,"showSkybox":true,"showFlares":true,"showImageEffects":true,"showParticleSystems":true},"in2DMode":false,"pivot":{"x":-1.0990307331085206,"y":-2.405304431915283,"z":-3.299190044403076},"rotation":{"x":-0.06642219424247742,"y":0.933387279510498,"z":-0.25982552766799929,"w":-0.23852825164794923},"size":3.68617582321167,"orthographic":false}