{"cameraMode":{"drawMode":0,"name":"Shaded","section":"Shading Mode"},"sceneLighting":true,"audioPlay":false,"sceneViewState":{"showFog":true,"showMaterialUpdate":false,"showSkybox":true,"showFlares":true,"showImageEffects":true,"showParticleSystems":true},"in2DMode":false,"pivot":{"x":1.7868062257766724,"y":0.35918134450912478,"z":-0.5442116260528565},"rotation":{"x":0.007733367383480072,"y":-0.987237274646759,"z":0.15103557705879212,"w":0.050678130239248279},"size":1.1133921146392823,"orthographic":false}