{"cameraMode":{"drawMode":0,"name":"Shaded","section":"Shading Mode"},"sceneLighting":true,"audioPlay":false,"sceneViewState":{"showFog":true,"showMaterialUpdate":false,"showSkybox":true,"showFlares":true,"showImageEffects":true,"showParticleSystems":true},"in2DMode":false,"pivot":{"x":-1.0909843444824219,"y":-0.8231884241104126,"z":-2.0130486488342287},"rotation":{"x":0.04881516844034195,"y":-0.929930567741394,"z":0.1336989849805832,"w":0.3392130732536316},"size":2.7866077423095705,"orthographic":false}