{"cameraMode":{"drawMode":0,"name":"Shaded","section":"Shading Mode"},"sceneLighting":true,"audioPlay":false,"sceneViewState":{"showFog":true,"showMaterialUpdate":false,"showSkybox":true,"showFlares":true,"showImageEffects":true,"showParticleSystems":true},"in2DMode":false,"pivot":{"x":-0.11126422882080078,"y":-0.4391958713531494,"z":-0.6967244148254395},"rotation":{"x":-0.12469453364610672,"y":0.7439619302749634,"z":-0.14485444128513337,"w":-0.6403545141220093},"size":2.666025161743164,"orthographic":false}