{"cameraMode":{"drawMode":0,"name":"Shaded","section":"Shading Mode"},"sceneLighting":true,"audioPlay":false,"sceneViewState":{"showFog":true,"showMaterialUpdate":false,"showSkybox":true,"showFlares":true,"showImageEffects":true,"showParticleSystems":true},"in2DMode":false,"pivot":{"x":0.14873409271240235,"y":-0.39463114738464358,"z":-1.7474993467330933},"rotation":{"x":-0.10562232881784439,"y":0.8101887702941895,"z":-0.15396668016910554,"w":-0.5556957125663757},"size":2.666025161743164,"orthographic":false}