{"cameraMode":{"drawMode":0,"name":"Shaded","section":"Shading Mode"},"sceneLighting":true,"audioPlay":false,"sceneViewState":{"showFog":true,"showMaterialUpdate":false,"showSkybox":true,"showFlares":true,"showImageEffects":true,"showParticleSystems":true},"in2DMode":false,"pivot":{"x":-2.31900954246521,"y":0.10843601077795029,"z":-3.759075403213501},"rotation":{"x":-0.031350165605545047,"y":0.9408436417579651,"z":-0.09058436751365662,"w":-0.32509925961494448},"size":3.3861758708953859,"orthographic":false}