{"cameraMode":{"drawMode":0,"name":"Shaded","section":"Shading Mode"},"sceneLighting":false,"audioPlay":false,"sceneViewState":{"showFog":true,"showMaterialUpdate":false,"showSkybox":false,"showFlares":true,"showImageEffects":true,"showParticleSystems":true},"in2DMode":false,"pivot":{"x":1.37664794921875,"y":0.06800000369548798,"z":-0.1340000033378601},"rotation":{"x":-0.05744829773902893,"y":-0.9362987279891968,"z":0.18352191150188447,"w":-0.29404619336128237},"size":0.2270185351371765,"orthographic":true}