{"cameraMode":{"drawMode":0,"name":"Shaded","section":"Shading Mode"},"sceneLighting":false,"audioPlay":false,"sceneViewState":{"showFog":true,"showMaterialUpdate":false,"showSkybox":false,"showFlares":true,"showImageEffects":true,"showParticleSystems":true},"in2DMode":false,"pivot":{"x":1.37664794921875,"y":0.06800000369548798,"z":-0.1340000033378601},"rotation":{"x":-0.10609622299671173,"y":-0.8432298898696899,"z":0.1811552196741104,"w":-0.49497556686401369},"size":0.33464670181274416,"orthographic":true}