{"cameraMode":{"drawMode":0,"name":"Shaded","section":"Shading Mode"},"sceneLighting":true,"audioPlay":false,"sceneViewState":{"showFog":true,"showMaterialUpdate":false,"showSkybox":true,"showFlares":true,"showImageEffects":true,"showParticleSystems":true},"in2DMode":false,"pivot":{"x":1.5016942024230958,"y":0.09235596656799317,"z":-0.32616496086120608},"rotation":{"x":0.03206593915820122,"y":-0.9678586721420288,"z":0.17012779414653779,"w":0.18242381513118745},"size":3.306417465209961,"orthographic":true}