{"cameraMode":{"drawMode":0,"name":"Shaded","section":"Shading Mode"},"sceneLighting":true,"audioPlay":false,"sceneViewState":{"showFog":true,"showMaterialUpdate":false,"showSkybox":true,"showFlares":true,"showImageEffects":true,"showParticleSystems":true},"in2DMode":false,"pivot":{"x":1.6272996664047242,"y":0.8027769327163696,"z":0.03434044122695923},"rotation":{"x":0.16300326585769654,"y":-0.7877652049064636,"z":0.23439210653305055,"w":0.5459858775138855},"size":2.976928234100342,"orthographic":true}