{"cameraMode":{"drawMode":0,"name":"Shaded","section":"Shading Mode"},"sceneLighting":true,"audioPlay":false,"sceneViewState":{"showFog":true,"showMaterialUpdate":false,"showSkybox":true,"showFlares":true,"showImageEffects":true,"showParticleSystems":true},"in2DMode":false,"pivot":{"x":1.22021484375,"y":1.06982421875,"z":-0.07958984375},"rotation":{"x":-0.057926200330257419,"y":0.9353204965591431,"z":-0.1818186342716217,"w":-0.29794591665267947},"size":4.3875555992126469,"orthographic":true}