{"cameraMode":{"drawMode":0,"name":"Shaded","section":"Shading Mode"},"sceneLighting":true,"audioPlay":false,"sceneViewState":{"showFog":true,"showMaterialUpdate":false,"showSkybox":true,"showFlares":true,"showImageEffects":true,"showParticleSystems":true},"in2DMode":false,"pivot":{"x":1.6272996664047242,"y":0.8027769327163696,"z":0.03434044122695923},"rotation":{"x":0.07152529060840607,"y":-0.9287595152854919,"z":0.27044740319252016,"w":0.24361087381839753},"size":2.8314640522003176,"orthographic":true}