{"cameraMode":{"drawMode":0,"name":"Shaded","section":"Shading Mode"},"sceneLighting":true,"audioPlay":false,"sceneViewState":{"showFog":true,"showMaterialUpdate":false,"showSkybox":true,"showFlares":true,"showImageEffects":true,"showParticleSystems":true},"in2DMode":false,"pivot":{"x":0.2509765625,"y":0.27490234375,"z":-0.736328125},"rotation":{"x":-0.07429061084985733,"y":0.8553838133811951,"z":-0.12795431911945344,"w":-0.49645888805389407},"size":2.9609458446502687,"orthographic":true}