{"cameraMode":{"drawMode":0,"name":"Shaded","section":"Shading Mode"},"sceneLighting":false,"audioPlay":false,"sceneViewState":{"showFog":true,"showMaterialUpdate":false,"showSkybox":false,"showFlares":true,"showImageEffects":true,"showParticleSystems":true},"in2DMode":false,"pivot":{"x":1.37664794921875,"y":0.06800000369548798,"z":-0.1340000033378601},"rotation":{"x":0.06240727752447128,"y":-0.9353697299957275,"z":0.28154265880584719,"w":0.2052369862794876},"size":0.4754316806793213,"orthographic":true}