{"cameraMode":{"drawMode":0,"name":"Shaded","section":"Shading Mode"},"sceneLighting":false,"audioPlay":false,"sceneViewState":{"showFog":true,"showMaterialUpdate":false,"showSkybox":false,"showFlares":true,"showImageEffects":true,"showParticleSystems":true},"in2DMode":false,"pivot":{"x":1.37664794921875,"y":0.06800000369548798,"z":-0.1340000033378601},"rotation":{"x":-0.13961730897426606,"y":-0.829465389251709,"z":0.23906773328781129,"w":-0.48523640632629397},"size":0.27322614192962649,"orthographic":true}