{"cameraMode":{"drawMode":0,"name":"Shaded","section":"Shading Mode"},"sceneLighting":true,"audioPlay":false,"sceneViewState":{"showFog":true,"showMaterialUpdate":false,"showSkybox":true,"showFlares":true,"showImageEffects":true,"showParticleSystems":true},"in2DMode":false,"pivot":{"x":1.6272996664047242,"y":0.8027769327163696,"z":0.03434044122695923},"rotation":{"x":0.0061388579197227959,"y":-0.9516623020172119,"z":0.3069324195384979,"w":0.017118997871875764},"size":2.8314640522003176,"orthographic":true}