{"cameraMode":{"drawMode":0,"name":"Shaded","section":"Shading Mode"},"sceneLighting":false,"audioPlay":false,"sceneViewState":{"showFog":true,"showMaterialUpdate":false,"showSkybox":false,"showFlares":true,"showImageEffects":true,"showParticleSystems":true},"in2DMode":false,"pivot":{"x":1.2400000095367432,"y":0.12999999523162843,"z":0.67327880859375},"rotation":{"x":0.26812538504600527,"y":0.08679967373609543,"z":0.9591988921165466,"w":-0.02444639429450035},"size":0.6288434267044067,"orthographic":true}