{"cameraMode":{"drawMode":0,"name":"Shaded","section":"Shading Mode"},"sceneLighting":true,"audioPlay":false,"sceneViewState":{"showFog":true,"showMaterialUpdate":false,"showSkybox":true,"showFlares":true,"showImageEffects":true,"showParticleSystems":true},"in2DMode":false,"pivot":{"x":-2.70166015625,"y":-2.85546875,"z":1.84539794921875},"rotation":{"x":-0.2632690370082855,"y":0.6691240668296814,"z":-0.27621111273765566,"w":-0.6377295851707459},"size":5.1501665115356449,"orthographic":true}