{"cameraMode":{"drawMode":0,"name":"Shaded","section":"Shading Mode"},"sceneLighting":false,"audioPlay":false,"sceneViewState":{"showFog":true,"showMaterialUpdate":false,"showSkybox":false,"showFlares":true,"showImageEffects":true,"showParticleSystems":true},"in2DMode":false,"pivot":{"x":1.37664794921875,"y":0.06800000369548798,"z":-0.1340000033378601},"rotation":{"x":-0.2015129029750824,"y":-0.7580579519271851,"z":0.27513331174850466,"w":-0.5560162663459778},"size":0.3966529965400696,"orthographic":true}